Death_Rate,Time,Type,Mental_Health_Issues,Unemployment_Rates,Median Age,Literacy_Rate,Conviction Rates,Median_Income,High_School_Education,Registered_Firearms,Population
19.6,0,Red,691,6.1,39.4,0.761,0.8227,53880,1018063,0.023409315,4887755.102
23.4,0,Red,94,6.4,35.8,0.873,0.5782,90920,128052,0.016424949,756410.2564
13.8,0,Swing,925,5.8,38.7,0.766,0.688,63250,1110871,0.019364814,7028985.507
16.9,0,Red,438,4.3,38.6,0.769,0.5374,51810,678452,0.021263125,3076923.077
7.7,0,Blue,4997,5.7,37.8,0.716,0.7435,77030,5430081,0.007768765,40194805.19
12.6,0,Blue,794,3.3,37.6,0.834,0.4105,80610,796984,0.012843013,5563492.063
5.3,0,Blue,483,5.3,40.9,0.828,0.8235,88230,678916,0.013986672,3566037.736
12.1,0,Blue,133,4.6,41.8,0.797,0.3128,69910,194810,0.00441542,925619.8347
12,0,Swing,2630,5.1,42.7,0.763,0.405,59100,82181,0.011929238,21325000
14.1,0,Swing,1299,5.7,37.5,0.764,0.485,61450,4201879,0.016374891,10269503.55
3.6,0,Blue,168,3.1,40.7,0.841,0.5893,78090,1879302,0.0048456,1527777.778
14.7,0,Red,243,3.8,37.3,0.836,0.7433,62490,267568,0.026519514,1680272.109
9.5,0,Blue,1570,6.1,39.2,0.796,0.6971,73130,292667,0.009454914,12842105.26
12.7,0,Red,1014,4.6,38.2,0.813,0.4008,62930,2314192,0.015069766,6661417.323
7.8,0,Red,402,3.6,38.8,0.851,0.6186,73660,1496775,0.009826421,3166666.667
11.4,0,Red,372,3.9,37.5,0.831,0.5456,66410,664912,0.0120308,2894736.842
15.2,0,Red,707,5.2,39.4,0.781,0.6044,51310,501278,0.013935816,4565789.474
20.4,0,Red,634,6,38.1,0.729,0.5874,55590,1002541,0.0172725,4666666.667
9.8,0,Blue,203,4,44.8,0.866,0.2599,61440,1056533,0.008537569,1469387.755
11.9,0,Blue,756,4.6,39.6,0.8,0.1673,89090,314332,0.015903476,5949579.832
3,0,Blue,1008,4.4,40.1,0.827,0.7483,82150,1029325,0.004849718,7100000
11.7,0,Swing,1373,4.9,40.2,0.824,0.6098,65610,1184423,0.004803735,9948717.949
7.4,0,Swing,777,3.8,38.9,0.869,0.8418,83200,1979472,0.010511429,5540540.541
19.6,0,Red,394,6.4,38.5,0.72,0.922,48460,941170,0.008013372,3005102.041
18.1,0,Red,823,4.5,39.2,0.811,0.6345,71660,605790,0.009674566,6044198.895
19.2,0,Red,157,4.3,40.2,0.869,0.6257,62210,1269953,0.01198642,1067708.333
8.9,0,Red,253,3,37.3,0.836,0.3809,73200,222399,0.008402864,1898876.404
14.9,0,Swing,387,6.3,38.9,0.747,0.8884,62960,331868,0.021411233,2993288.591
8.9,0,Blue,227,3,43.3,0.885,0.6998,91600,549151,0.016962223,1359550.562
5.4,0,Blue,1107,5,40.3,0.793,0.6097,82750,267078,0.006208522,8796296.296
18.6,0,Blue,309,6.5,39,0.709,0.4205,54620,1757377,0.042551077,2096774.194
4.2,0,Blue,2638,4.8,39.9,0.756,0.2702,70210,369807,0.003447067,20214285.71
12.5,0,Swing,1459,5.4,39.2,0.787,0.5199,61490,3615023,0.011858805,10312000
12.8,0,Red,94,3,35.8,0.866,0.7147,69500,1785510,0.011300174,718750
11.9,0,Swing,1778,4.9,39.7,0.823,0.6283,64520,135670,0.011522386,11739495.8
18,0,Red,548,4.4,37.1,0.799,0.6034,56990,2664823,0.014841841,3922222.222
11.4,0,Blue,666,5,40.3,0.832,0.6139,73640,808375,0.01143542,4263157.895
11.4,0,Swing,1803,5.3,40.9,0.819,0.3438,73100,654930,0.017301669,13026315.79
4.7,0,Blue,170,5.6,40.6,0.796,0.6067,67430,3174802,0.003736039,1085106.383
17.3,0,Red,644,5.4,40.3,0.776,0.7697,56120,204295,0.013903501,4913294.798
11.1,0,Red,110,2.8,37.9,0.851,0.595,66660,977099,0.013862281,864864.8649
16,0,Red,988,4.9,39.1,0.783,0.3959,57290,175958,0.012011312,6718750
11.7,0,Red,3127,4.5,35.5,0.718,0.4759,68360,1482137,0.014727644,27376068.38
12.8,0,Red,417,3.5,31.9,0.855,0.6428,80200,4425654,0.026922899,2867187.5
9.6,0,Blue,101,3.3,43.2,0.872,0.5808,72020,421822,0.005758629,729166.6667
10.9,0,Blue,1203,4,39,0.812,0.9837,74430,127127,0.030906455,8678899.083
9.8,0,Blue,1062,5.4,38.3,0.839,0.5927,81400,1399157,0.009339618,7326530.612
14,0,Red,301,6.4,42.8,0.791,0.6708,51840,1127649,0.011791727,1985714.286
10.4,0,Swing,824,4.2,40.4,0.847,0.4151,67090,529290,0.008435706,5894230.769
19.6,0,Red,85,4.7,39.2,0.864,0.6175,73750,1223628,0.21538492,576530.6122
21.5,1,Red,677,5.7,39.3,0.767,0.8127,56660,1011236,0.02768423,4865116.279
23.3,1,Red,91,6.7,35.8,0.833,0.5982,90860,133928,0.017690887,759656.6524
15.2,1,Swing,934,5.3,38.7,0.746,0.718,68510,1105497,0.020180709,7197368.421
17.8,1,Red,423,3.8,38.5,0.764,0.5774,55080,681969,0.022866913,3039325.843
7.9,1,Blue,5123,5.4,37.4,0.712,0.7734,79960,5390935,0.008049291,40303797.47
14.3,1,Blue,777,2.7,37.9,0.838,0.3905,84670,822144,0.013714968,5678321.678
4.6,1,Blue,452,4.6,41,0.838,0.8035,91100,678776,0.017002884,3739130.435
11,1,Blue,201,4.7,41.6,0.807,0.3428,69650,212474,0.004368288,1009090.909
12.6,1,Swing,2572,4.8,42.7,0.733,0.455,61400,85248,0.012918122,21460317.46
15,1,Swing,1320,5.3,37.5,0.762,0.515,64230,4249733,0.015804233,10473333.33
4.5,1,Blue,143,2.7,40.8,0.846,0.5393,86550,1884080,0.005162045,1466666.667
14.6,1,Red,298,3.5,37.5,0.836,0.7233,67870,277743,0.025896298,1657534.247
11.7,1,Blue,1661,5.4,39.3,0.796,0.6571,73650,302866,0.010901023,12735042.74
15,1,Red,1109,4,37.3,0.811,0.4101,67310,2250392,0.015610532,6646666.667
9.2,1,Red,342,3.4,38.8,0.871,0.626,70900,1481882,0.007103806,3130434.783
13.4,1,Red,333,4,37.4,0.851,0.525,68160,649532,0.013262851,2858208.955
17.5,1,Red,677,5.1,39.5,0.782,0.614,54440,496294,0.016366354,4411428.571
21.3,1,Red,612,5.9,38.5,0.741,0.527,50630,968299,0.019209924,4633802.817
8.3,1,Blue,211,3.5,44.7,0.865,0.229,61020,1059273,0.009043626,1481927.711
11.9,1,Blue,761,4.2,39.6,0.808,0.193,88500,318369,0.01640197,5941176.471
3.4,1,Blue,1101,3.9,40.1,0.826,0.743,86710,1046470,0.00458424,7117647.059
12.3,1,Swing,1422,5,40.2,0.824,0.618,68500,1156496,0.0052222,10000000
7.6,1,Swing,801,3.9,38.5,0.869,0.8418,84250,1978343,0.011259083,5684210.526
19.9,1,Red,423,5.7,38.4,0.723,0.912,49310,937937,0.009291639,2949748.744
19,1,Red,851,4.3,39.3,0.812,0.625,66010,603335,0.010449003,6021052.632
18.9,1,Red,170,4.2,40.1,0.864,0.6257,68480,1265386,0.015490206,1026455.026
9.1,1,Red,281,3.1,37.4,0.836,0.4209,71240,206415,0.009584801,1879120.879
16.8,1,Swing,355,5.4,38.8,0.7472,0.844,66510,328348,0.022867229,2964285.714
9.3,1,Blue,244,2.9,43.4,0.889,0.748,91500,585057,0.02101025,1419354.839
5.5,1,Blue,1178,4.7,40.5,0.7932,0.587,82150,256245,0.00631332,8818181.818
18.1,1,Blue,321,6.8,39.1,0.702,0.4105,58130,1706073,0.043596426,2116022.099
4.4,1,Blue,2772,4.8,39.9,0.746,0.272,73720,370508,0.003442071,20454545.45
13.7,1,Swing,1534,5,39.2,0.789,0.527,64510,3574814,0.012789811,10284671.53
11.9,1,Red,99,2.9,35.8,0.876,0.717,72210,1775886,0.012508222,756302.521
12.9,1,Swing,1872,5.3,39.8,0.813,0.623,64770,134178,0.012124138,11813953.49
19.6,1,Red,561,4.5,37.2,0.793,0.604,61120,2639028,0.016392099,3908163.265
11.9,1,Blue,670,4.3,40.3,0.842,0.629,70950,802529,0.012044517,4310924.37
12,1,Swing,1876,5.2,40.2,0.829,0.4038,73170,655893,0.01718755,12958333.33
4.1,1,Blue,122,4.8,40.7,0.796,0.607,73830,3132444,0.003454041,1195121.951
17.7,1,Red,633,4.5,40.4,0.776,0.717,65200,204045,0.014543997,5033898.305
13.4,1,Red,122,3.2,37.8,0.856,0.5444,68930,981669,0.01723637,805970.1493
17.1,1,Red,991,4.7,39.3,0.787,0.419,61610,163910,0.012974551,6713450.292
12.1,1,Red,3221,4.8,35.4,0.718,0.4352,69770,1465937,0.016909723,27710743.8
12.9,1,Red,432,3.2,31.9,0.855,0.6684,80970,4474711,0.018954981,2868217.054
11.1,1,Blue,119,3.1,43.3,0.878,0.528,73000,404605,0.006721192,702702.7027
12.1,1,Blue,1223,4,39.1,0.825,0.9773,79730,128767,0.032453838,8669421.488
9,1,Blue,1067,4.9,38.3,0.834,0.5873,84360,1372836,0.009965204,7622222.222
17.5,1,Red,333,5.6,42.9,0.781,0.6682,53220,1111786,0.016625,1897142.857
11.4,1,Swing,850,3.6,40.5,0.843,0.4353,71770,512228,0.009219063,5824561.404
17.4,1,Red,92,5,39.3,0.864,0.6272,69390,1222607,0.220147901,580459.7701
22.9,2,Red,701,4,39.3,0.761,0.774,60270,1029982,0.032932197,4908296.943
24.5,2,Red,87,6.4,35.7,0.839,0.6082,85170,133132,0.021538222,734693.8776
15.8,2,Swing,886,4.9,38.5,0.749,0.728,72080,1136493,0.025042861,7177215.19
20.3,2,Red,345,3.8,38.4,0.7641,0.5874,57580,683285,0.026440005,3019704.433
7.9,2,Blue,5820,4.5,37.3,0.712,0.7134,82260,5541182,0.008550609,40303797.47
13.4,2,Blue,781,2.8,37.8,0.842,0.325,87460,815595,0.015900244,5813432.836
5.1,2,Blue,385,4.3,41.1,0.838,0.835,85820,676911,0.022353191,3686274.51
11.7,2,Blue,294,4.2,41.6,0.807,0.3182,73480,218309,0.00511427,948717.9487
12.4,2,Swing,2753,4,42.8,0.743,0.4978,63300,85033,0.015626913,21967741.94
15.4,2,Swing,1231,4.4,37.6,0.758,0.5252,67230,4330040,0.018033087,10538961.04
2.5,2,Blue,178,1.9,40.8,0.848,0.4792,86760,1936501,0.005037821,1560000
16.4,2,Red,211,3.1,37.6,0.831,0.6831,70990,280494,0.029031514,1707317.073
12.1,2,Blue,1342,4.7,39.4,0.791,0.6572,76180,313029,0.011487315,12752066.12
15.3,2,Red,1329,3.3,37.4,0.819,0.4223,69420,2272174,0.017170184,6640522.876
9,2,Red,341,2.8,38.9,0.881,0.645,74850,1450767,0.008752423,3255555.556
16,2,Red,323,3.4,37.6,0.853,0.536,68240,639230,0.01807176,2912500
16.2,2,Red,717,4.3,39.9,0.792,0.6366,60550,490769,0.017990433,4506172.84
21.7,2,Red,630,4.7,38.1,0.751,0.567,51770,997060,0.025151118,4645161.29
11.7,2,Blue,309,3.1,44.3,0.868,0.2791,60920,1061526,0.010455855,1470085.47
12.3,2,Blue,714,4,39.9,0.828,0.123,95610,300716,0.017092193,6032520.325
3.7,2,Blue,1298,3.7,40.5,0.8269,0.713,86350,1020828,0.005246656,7081081.081
11.3,2,Swing,1377,4.6,40.2,0.824,0.648,68040,1163526,0.006527984,10070796.46
8.2,2,Swing,809,3.3,38.1,0.859,0.8748,84800,1969839,0.01398532,5670731.707
21.5,2,Red,427,4.9,38.1,0.723,0.912,51220,938908,0.012074699,2939534.884
21.5,2,Red,882,3.5,39.7,0.822,0.622,67080,595611,0.012007758,6079069.767
22.5,2,Red,175,4,40.5,0.814,0.6237,69670,1277505,0.020409529,1084444.444
8.3,2,Red,293,3,37.2,0.846,0.4209,70300,203141,0.011533888,1927710.843
16.7,2,Swing,344,4.9,38.6,0.7572,0.864,66680,331081,0.025276173,3041916.168
10.4,2,Blue,298,2.8,42.1,0.899,0.728,88200,592846,0.045685205,1403846.154
5.3,2,Blue,1192,4.5,40.5,0.7832,0.517,86070,268564,0.006376299,9018867.925
18.5,2,Blue,324,5.4,39.5,0.712,0.4405,56430,1696858,0.04581802,2129729.73
3.7,2,Blue,2889,4.5,39.1,0.744,0.222,73630,370599,0.003652408,20864864.86
13.7,2,Swing,1567,4.3,39.1,0.788,0.547,59360,3634065,0.014585039,10437956.2
13.2,2,Red,101,2.6,35.2,0.871,0.727,70610,1800555,0.017008777,780303.0303
13.7,2,Swing,1983,4.6,38.1,0.823,0.6223,70480,130900,0.014950588,11598540.15
17.2,2,Red,572,3.8,37.4,0.797,0.604,64860,2661209,0.018000394,3959302.326
12.1,2,Blue,601,4.1,40.5,0.841,0.669,76180,804245,0.014066937,4363636.364
12.5,2,Swing,1694,4.9,40.6,0.839,0.4138,74490,673810,0.01806059,13088000
3.9,2,Blue,193,4.5,40.8,0.798,0.5827,78280,3134497,0.003830163,1102564.103
17.7,2,Red,449,4.1,40.4,0.778,0.7217,64820,220613,0.020930993,5045197.74
11.9,2,Red,132,3,37.8,0.851,0.5664,67090,1016072,0.024895743,848739.4958
18.4,2,Red,109,3.5,39.2,0.789,0.4081,65140,176709,0.014643063,6771739.13
12.4,2,Red,3421,4.1,35.8,0.728,0.4525,69920,1488080,0.020779477,28330645.16
14,2,Red,234,3.1,31.1,0.858,0.614,84100,4552676,0.024877659,2928571.429
11.7,2,Blue,172,3,43.2,0.868,0.5382,75240,408078,0.009814629,598290.5983
11.9,2,Blue,1324,3.4,39.5,0.817,0.9213,84060,127426,0.035188106,8747899.16
11.1,2,Blue,1129,4.6,38.7,0.838,0.5373,88930,1396487,0.012006696,7648648.649
18.6,2,Red,239,5.4,42.8,0.782,0.6632,53520,1128284,0.018848,1870967.742
10.6,2,Swing,870,3,40.1,0.843,0.4553,74820,526652,0.011020942,5886792.453
18.8,2,Red,99,4.3,39.7,0.864,0.6627,68200,1214914,0.220951575,601063.8298
21.8,3,Red,637,3.8,39.1,0.762,0.784,57720,721987,0.033478162,4880733.945
21,3,Red,91,6,35.6,0.821,0.6282,79450,129250,0.023807226,738095.2381
15.3,3,Swing,812,5,38.9,0.735,0.788,71990,1208158,0.024780931,7496732.026
18.9,3,Red,333,3.7,37.4,0.7541,0.5374,57540,450668,0.027721649,3031746.032
7.5,3,Blue,5423,4.3,36.2,0.727,0.614,81480,5589646,0.008837738,40533333.33
15.2,3,Blue,769,3.1,37.2,0.844,0.328,84420,815752,0.017125561,5848684.211
4.9,3,Blue,399,3.7,41.8,0.838,0.855,84160,413974,0.01799222,3795918.367
11.6,3,Blue,301,3.5,40.9,0.807,0.3282,75140,120182,0.005403215,922413.7931
12.9,3,Swing,2611,3.5,42.7,0.756,0.4974,63160,61530,0.016767644,22496124.03
15.7,3,Swing,1332,3.9,37.6,0.758,0.5752,64520,3015699,0.01900784,10700636.94
4,3,Blue,181,2.8,40.8,0.839,0.4692,92590,1383144,0.005435932,1475000
16.6,3,Red,214,3,37.1,0.838,0.6532,67880,204652,0.029658102,1771084.337
10.9,3,Blue,1399,4.6,38.8,0.811,0.6423,81080,292076,0.01139121,12678899.08
14.7,3,Red,1255,3.6,36.8,0.822,0.4622,69230,1764774,0.018020665,6646258.503
8.7,3,Red,235,2.6,38.9,0.885,0.644,79430,887129,0.009744926,3241379.31
14.8,3,Red,337,3.4,37.6,0.851,0.456,73900,434337,0.019906,2864864.865
16.9,3,Red,709,4.2,39.9,0.782,0.6037,63060,436532,0.019020928,4508875.74
21.4,3,Red,619,4.8,38.4,0.754,0.527,57760,631690,0.025342264,4630841.121
10.3,3,Blue,312,3.2,44.1,0.858,0.2891,67810,649675,0.011090962,1543689.32
11.7,3,Blue,717,3.7,39.5,0.8282,0.113,99660,200338,0.019107738,6042735.043
3.5,3,Blue,1311,3.3,39.5,0.821,0.743,99800,779231,0.005430426,7371428.571
12.9,3,Swing,1423,4.2,40.4,0.828,0.658,69870,741544,0.007058368,10155038.76
7.8,3,Swing,845,3.2,38.2,0.862,0.8148,83010,1594947,0.015531995,5602564.103
22.9,3,Red,488,5.3,38.5,0.728,0.9237,49450,791496,0.013225843,2973799.127
21.5,3,Red,904,3.3,39.4,0.821,0.612,71350,440256,0.0129,6097674.419
17.3,3,Red,181,3.6,40.1,0.814,0.6473,66670,937269,0.018905366,1075144.509
9,3,Red,299,3.1,38.1,0.847,0.409,78110,180384,0.012340328,2033333.333
17.9,3,Swing,340,4.3,38.1,0.7472,0.8544,71510,283318,0.028362713,3072625.698
10.8,3,Blue,244,2.6,41.7,0.901,0.788,94020,542405,0.041207226,1435185.185
4.8,3,Blue,1008,3.6,40.5,0.784,0.527,85740,178227,0.006814743,8750000
20.7,3,Blue,276,5.2,39.5,0.718,0.4552,55810,1018104,0.04781889,2115942.029
4.1,3,Blue,2983,4,39.2,0.745,0.2562,77760,334577,0.003902291,20024390.24
13.3,3,Swing,1522,4,39.1,0.789,0.531,61690,2083151,0.015513849,10646616.54
11.5,3,Red,76,2.4,35.7,0.871,0.7427,76870,1497087,0.019950562,773913.0435
13.1,3,Swing,1888,4.5,36.1,0.825,0.6129,71240,109451,0.014600814,11870229.01
16.8,3,Red,545,3.2,37.7,0.807,0.604,62920,1638319,0.018850105,3958333.333
11.7,3,Blue,612,4.3,40.1,0.851,0.712,79950,613877,0.014956613,4435897.436
12.5,3,Swing,1719,4.3,41.6,0.831,0.4328,74580,744593,0.019782724,13232000
3.3,3,Blue,195,3.8,40.1,0.792,0.5133,71970,1432404,0.00404473,1121212.121
17.6,3,Red,435,3.2,40.2,0.771,0.7227,66400,133241,0.019884264,5085227.273
13.6,3,Red,191,2.8,37.1,0.859,0.5864,68730,701181,0.026557197,860294.1176
17.8,3,Red,99,3.5,39.8,0.781,0.4125,64800,115946,0.015601671,6898876.404
12.2,3,Red,3321,3.8,35.8,0.735,0.4227,69100,975251,0.022086503,28868852.46
13.2,3,Red,249,2.8,31.2,0.855,0.534,89080,3949496,0.027916836,3007575.758
12.8,3,Blue,190,2.3,38.6,0.862,0.5225,80990,462160,0.010338341,640625
11.8,3,Blue,1280,3.1,39.1,0.815,0.918,89180,78850,0.037396309,8771186.441
10.4,3,Blue,1137,4.6,37.6,0.842,0.5111,92150,1091538,0.013052578,7778846.154
18.2,3,Red,251,5.1,42.4,0.789,0.6266,58460,1197203,0.020077837,1884615.385
10.1,3,Swing,899,3,40.3,0.845,0.4835,72390,246501,0.012371656,5920792.079
21.5,3,Red,97,3.9,39.3,0.861,0.617,72290,817650,0.222079395,576744.186
22.2,4,Red,692,3.1,39.2,0.762,0.821,64010,1039241,0.034716385,4846846.847
24.4,4,Red,117,5.3,35.8,0.8212,0.6182,89290,139156,0.027971397,733606.5574
15.1,4,Swing,899,4.7,38.3,0.731,0.728,80500,1170685,0.027224795,7523178.808
19.3,4,Red,246,3.5,38.1,0.752,0.5444,62120,710306,0.036204471,3005181.347
7.2,4,Blue,5124,4.2,37.6,0.721,0.621,88960,5546711,0.009208812,40902777.78
14.2,4,Blue,755,2.8,37,0.842,0.332,82580,836590,0.018915038,5957746.479
5.3,4,Blue,487,3.8,42.1,0.831,0.859,99420,668361,0.020886742,3584905.66
9.9,4,Blue,287,3.6,41.9,0.806,0.311,84510,207642,0.00562171,939393.9394
12.7,4,Swing,2567,3,42,0.746,0.5464,66480,79881,0.019128756,22614173.23
15.8,4,Swing,1402,3.5,36.9,0.759,0.5422,64500,4396122,0.021066014,10727848.1
4.4,4,Blue,188,2.3,40.4,0.841,0.4522,100200,1939945,0.006149355,1409090.909
14.2,4,Red,215,2.8,37.8,0.835,0.6821,75160,273421,0.032741859,1795774.648
10.8,4,Blue,1211,3.6,39.4,0.815,0.6632,84740,305274,0.011668898,12657407.41
14.1,4,Red,1332,3.3,37.4,0.826,0.4721,75960,2255611,0.019662582,6794326.241
9.1,4,Red,179,2.7,38.9,0.881,0.6541,75240,1526825,0.01131,3230769.231
13.7,4,Red,301,3.3,37.8,0.851,0.4365,83320,658822,0.01849636,2941605.839
14.9,4,Red,773,4.1,39.1,0.782,0.6537,63400,504035,0.020475265,4577181.208
22.1,4,Red,672,4.8,38.5,0.754,0.517,58890,1012643,0.025393838,4583710.407
11.5,4,Blue,309,3.2,44.8,0.859,0.3055,75800,1066026,0.012283129,1417391.304
12.6,4,Blue,723,3.3,39.1,0.8182,0.114,108900,311108,0.021353255,6007936.508
3.4,4,Blue,1212,2.9,40.9,0.818,0.741,99900,1030636,0.005490381,7264705.882
12.1,4,Swing,1499,3.8,40.8,0.828,0.658,73030,1158066,0.008267176,10082644.63
8.1,4,Swing,843,3.3,38.7,0.861,0.8248,92740,2005981,0.017172871,5740740.741
24.2,4,Red,491,5.6,38.5,0.718,0.9437,51010,939997,0.017841876,2933884.298
20.6,4,Red,906,3.3,39.9,82.14,0.611,69020,598609,0.014523658,6077669.903
19,4,Red,199,3.5,40.9,0.814,0.5573,68560,1308859,0.021341818,1100000
10.4,4,Red,304,3.1,37.3,0.847,0.419,83230,211079,0.015094205,1971153.846
15.3,4,Swing,351,4.2,38.9,0.7412,0.8321,80760,326389,0.030232176,3202614.379
10.7,4,Blue,309,2.6,42.2,0.891,0.751,98980,593417,0.04070184,1457943.925
4.1,4,Blue,978,3.9,40.9,0.781,0.597,99920,275105,0.010051351,8975609.756
22.3,4,Blue,213,5,39.1,0.712,0.4152,60500,1666321,0.050109189,2112107.623
3.9,4,Blue,2335,4,38.1,0.741,0.2662,81840,376390,0.004022093,20615384.62
13.1,4,Swing,1435,3.8,39.2,0.779,0.534,69660,3524192,0.016992397,10664122.14
12.4,4,Red,65,2,36.5,0.878,0.7527,79760,1839042,0.026293333,750000
13.3,4,Swing,1911,4.4,38.1,0.829,0.6334,73650,134432,0.014818712,11864661.65
18.6,4,Red,488,3.1,36.9,0.801,0.574,67650,2627758,0.020975349,3962365.591
12.6,4,Blue,589,3.4,40.1,0.857,0.702,84760,825284,0.016634226,4492063.492
11.7,4,Swing,1829,4.5,41.2,0.836,0.4428,80390,687243,0.02060802,13170940.17
4.6,4,Blue,214,3.5,40.7,0.792,0.5476,79900,3103046,0.004461042,1043478.261
19.9,4,Red,488,2.7,40.4,0.761,0.7327,70650,212282,0.019523041,5085427.136
13.1,4,Red,298,2.7,37.8,0.859,0.6164,73190,1015260,0.036093398,862595.4198
18.4,4,Red,111,3.5,39.1,0.781,0.4325,64500,176644,0.017550992,6902173.913
12.7,4,Red,3532,3.5,35.4,0.731,0.4727,76820,1480753,0.02501269,29000000
12.8,4,Red,276,2.4,31.9,0.852,0.554,96270,4734422,0.030356142,3078125
9.3,4,Blue,181,2.1,41.1,0.861,0.5178,84630,442206,0.010710269,720430.1075
11.7,4,Blue,1283,2.8,39.3,0.815,0.931,92610,129254,0.04074602,8760683.761
10.7,4,Blue,1342,3.8,38.9,0.832,0.50127,93910,1387610,0.015227676,7869158.879
16.6,4,Red,291,5.2,42.2,0.789,0.617,61170,1167347,0.023046887,1807228.916
10,4,Swing,900,3.1,40.7,0.841,0.5435,76720,515431,0.013185265,6040000
22.3,4,Red,91,4.2,39.2,0.861,0.681,74190,1223392,0.224760526,596412.5561
23.6,5,Red,783,4.5,39.1,0.742,0.8033,61650,1059263,0.036761395,4834745.763
23.5,5,Red,132,7.3,35.2,0.8112,0.6021,84260,137314.5,0.031496714,744680.8511
16.7,5,Swing,972,6.6,38.7,0.732,0.7582,75620,1169371,0.029606658,7574850.299
22.6,5,Red,287,5.1,37.3,0.752,0.5344,57240,702684,0.034803664,2977876.106
8.5,5,Blue,5232,9.1,36.3,0.771,0.641,87530,5562854,0.009532495,40576470.59
15.4,5,Blue,811,6.4,37.7,0.832,0.3522,94440,825481.5,0.021059082,5987012.987
6,5,Blue,501,7.3,41.2,0.831,0.869,89540,657568.5,0.02062411,3650000
14.4,5,Blue,267,5.6,40.9,0.806,0.301,78930,204504,0.005936,937500
13.7,5,Swing,2611,6.4,42.7,0.736,0.5164,65110,75403,0.022393846,22197080.29
17.7,5,Swing,1456,5,36.1,0.741,0.5242,66810,4379794,0.023466542,10717514.12
3.4,5,Blue,297,10.3,40.5,0.845,0.4429,91110,1935160.5,0.00625328,1470588.235
17.6,5,Red,230,4.2,37.2,0.836,0.6822,75220,271258,0.038053832,1823863.636
14.1,5,Blue,1189,7.6,38.3,0.811,0.6732,83790,321778,0.012137474,12375886.52
17.3,5,Red,1523,5,36.7,0.823,0.4321,75310,2225302,0.021339304,6699421.965
11.2,5,Red,161,4.3,38.1,0.891,0.6441,77570,1522410.5,0.014873664,3133928.571
16.9,5,Red,313,4.3,37.8,0.859,0.4465,82380,652747,0.020794184,2923076.923
20.1,5,Red,720,4.7,40.6,0.785,0.6237,63980,498840,0.022128941,4487562.189
26.3,5,Red,670,7.4,38.2,0.755,0.527,57700,1010298.5,0.028330636,4498098.859
10.4,5,Blue,305,4.2,44.4,0.841,0.3355,71800,1044734,0.012707712,1471153.846
13.5,5,Blue,733,6.7,39.2,0.8182,0.144,106900,305851.5,0.021312011,5948148.148
3.7,5,Blue,1333,7.8,39.4,0.813,0.7364,98980,1024841.5,0.005491877,7243243.243
14.6,5,Swing,1523,7,40.1,0.821,0.698,72590,1141100,0.009368199,9958904.11
8.9,5,Swing,901,4.8,38.3,0.871,0.8128,88770,2004623,0.018692255,5764044.944
28.6,5,Red,456,6.6,38.1,0.728,0.8913,50880,924757.5,0.024136582,2860139.86
23.9,5,Red,991,5,39.3,0.8214,0.6261,70090,592398,0.016563739,5966527.197
20.9,5,Red,204,4.2,40.1,0.811,0.503,63960,1306376.5,0.024120181,1138755.981
10.1,5,Red,348,3.1,38.1,0.847,0.409,81440,208303,0.017449416,1950495.05
17,5,Swing,423,9.7,38.1,0.7412,0.8421,68950,325794.5,0.03263192,3217647.059
8.9,5,Blue,311,4.6,41.7,0.821,0.7721,100200,595401,0.044300445,1438202.247
5,5,Blue,966,7.2,40.5,0.784,0.617,96430,271504.5,0.010818059,8860000
22.7,5,Blue,207,8.5,39.5,0.715,0.4152,57380,1657871.5,0.054994186,2110132.159
5.3,5,Blue,2134,8.7,39.3,0.748,0.2622,77400,374443.5,0.004421671,19849056.6
16,5,Swing,1232,5.8,39.2,0.769,0.533,68120,3466809,0.018480235,10618750
13.8,5,Red,78,4.4,35.3,0.879,0.7472,72270,1820818,0.0336237,724637.6812
15.2,5,Swing,1863,6.3,36.3,0.821,0.6334,68060,133874,0.016154567,11605263.16
20.7,5,Red,542,5.2,37.9,0.803,0.524,59150,2646258.5,0.022776015,3990338.164
13,5,Blue,426,6.6,40.3,0.857,0.712,86630,818472.5,0.018257314,4553846.154
13.6,5,Swing,1982,7.7,41.2,0.831,0.4328,79800,675917,0.024673909,12882352.94
5.1,5,Blue,233,6.9,40.8,0.791,0.5562,90380,3075512.5,0.004518222,1058823.529
22,5,Red,482,4.9,40.2,0.751,0.7279,68020,213356.5,0.020206737,5140909.091
13.6,5,Red,287,3.2,37.7,0.845,0.606,79120,1021115,0.0424762,882352.9412
21.3,5,Red,113,5.7,39.2,0.775,0.4425,61970,174807.5,0.019155684,6915492.958
14.2,5,Red,3424,6.9,35.9,0.721,0.4872,77110,1491594,0.028308232,29323943.66
13.6,5,Red,291,3.6,32.2,0.857,0.564,94680,4728949,0.030924942,3154411.765
11.6,5,Blue,190,4.4,38.2,0.851,0.518,75810,443608,0.012770684,655172.4138
13.4,5,Blue,1323,5.1,38.1,0.825,0.901,92670,125206.5,0.044622457,8761194.03
10.9,5,Blue,1432,6.6,37.2,0.821,0.505,91710,1404104.5,0.017249628,7926605.505
18.1,5,Red,209,6.3,42.8,0.789,0.657,58580,1168011.5,0.024916182,1795580.11
12.2,5,Swing,786,4.8,40.7,0.841,0.5052,75980,505371,0.01416289,5877049.18
25.9,5,Red,87,5.4,39.1,0.858,0.661,73780,1222874,0.230991,594594.5946
26.4,6,Red,770,2.7,39.2,0.762,0.827,61390,1079285,0.039132228,4981060.606
25.2,6,Red,129,5.4,35.2,0.839,0.572,87490,135473,0.039097385,722222.2222
18.3,6,Swing,876,3.7,38.7,0.748,0.621,76370,1168057,0.034681651,7459016.393
23.3,6,Red,231,3.3,37.2,0.7611,0.5274,54760,695062,0.044724317,2995708.155
9,6,Blue,5423,5.5,36.4,0.714,0.715,87960,5578997,0.010227181,39733333.33
17.8,6,Blue,762,4.2,37.2,0.8421,0.4905,91610,814373,0.024990598,5977528.09
6.7,6,Blue,479,5.1,41.7,0.837,0.765,87300,646776,0.020228056,3701492.537
16.6,6,Blue,234,4.7,40.5,0.804,0.3228,74070,201366,0.006400456,951807.2289
14.1,6,Swing,2431,3.6,42.1,0.7431,0.415,64410,70925,0.023278238,22283687.94
20.3,6,Swing,1309,3.2,35.1,0.7581,0.435,66310,4363466,0.028062351,10837438.42
4.8,6,Blue,234,3.2,41.5,0.858,0.5993,88630,1930376,0.006273803,1479166.667
16.3,6,Red,287,2.8,36.2,0.835,0.7563,82940,269095,0.040314806,1895705.521
16.1,6,Blue,1238,4.9,37.3,0.799,0.6872,85460,338282,0.011681498,12391304.35
18.4,6,Red,1623,3,36,0.811,0.4183,75690,2194993,0.023172233,6798913.043
11.2,6,Red,112,2.9,38.1,0.881,0.6361,78100,1517996,0.016670154,3250000
17.3,6,Red,266,2.6,37.8,0.853,0.5556,81930,646672,0.024023956,2907514.451
21.1,6,Red,713,4.1,40.6,0.792,0.614,59980,493645,0.024248958,4488151.659
29.1,6,Red,623,4.1,38.2,0.753,0.537,61690,1007954,0.03367561,4515463.918
12.6,6,Blue,347,3.9,44.4,0.878,0.3199,76710,1023442,0.015145483,1412698.413
15.2,6,Blue,751,3.7,39.6,0.828,0.1273,105000,300595,0.022635043,6019736.842
3.4,6,Blue,1276,3.9,39.9,0.823,0.7183,93340,1019047,0.006213328,7264705.882
15.4,6,Swing,1555,4.6,41.1,0.814,0.6398,69540,1124134,0.010955045,10025974.03
10,6,Swing,763,3,39.3,0.854,0.8313,86740,2003265,0.022657068,5730000
33.9,6,Red,583,4.3,37.1,0.713,0.913,50290,909518,0.02844217,2837758.112
23.2,6,Red,856,3.1,39.3,0.823,0.6145,68570,586187,0.018597901,6094827.586
25.1,6,Red,213,2.7,40.3,0.819,0.6173,70090,1303894,0.032879207,1115537.849
10.3,6,Red,351,2.2,38.8,0.842,0.359,84220,205527,0.022279415,1941747.573
19.8,6,Swing,409,5.5,38.2,0.7571,0.8948,69380,325200,0.037224938,3196969.697
8.3,6,Blue,277,2.5,41.9,0.893,0.7198,95800,597385,0.048877553,1481927.711
5.2,6,Blue,823,5.4,40.2,0.782,0.607,95490,267904,0.011191276,9134615.385
27.8,6,Blue,288,5.6,39.1,0.716,0.425,57650,1649422,0.059143779,2079136.691
5.4,6,Blue,2234,5.4,38.8,0.741,0.2302,78630,372497,0.004618102,19962962.96
17.3,6,Swing,1432,3.9,39.2,0.789,0.4634,67820,3409426,0.020899792,10630057.8
16.8,6,Red,83,2.3,35.3,0.872,0.697,74280,1802594,0.040654688,761904.7619
16.5,6,Swing,1650,4.2,36.3,0.813,0.613,67600,133316,0.018016256,11581818.18
21.2,6,Red,492,2.9,37.2,0.787,0.6346,64800,2664759,0.026212938,3943396.226
14.9,6,Blue,430,4,41.3,0.851,0.629,88260,811661,0.021677054,4496644.295
14.8,6,Swing,1888,4.6,41.6,0.832,0.3428,78310,664591,0.027049195,12871621.62
5.6,6,Blue,256,3.8,40.2,0.778,0.6127,80850,3047979,0.004276125,1142857.143
22.4,6,Red,470,3.4,40.3,0.774,0.7127,67440,214431,0.023505211,5071428.571
14.3,6,Red,301,2.1,37.7,0.858,0.515,79680,1026970,0.072244047,895104.8951
22.8,6,Red,115,3.6,39.2,0.782,0.4123,67030,172971,0.022020528,6881578.947
15.6,6,Red,3329,4.5,35.8,0.728,0.4329,72680,1502435,0.034039146,29570512.82
13.9,6,Red,304,2.2,32.7,0.858,0.6128,94510,4723476,0.036574916,3237410.072
11.9,6,Blue,191,2.8,37.2,0.868,0.5308,82040,445010,0.60748353,697478.9916
14.3,6,Blue,1492,3,38.9,0.816,0.9537,86550,121159,0.001082927,8727272.727
11.2,6,Blue,1093,4.1,38.5,0.831,0.537,94510,1420599,0.02069175,8000000
17.3,6,Red,177,4,42.5,0.7823,0.7108,50500,1168676,0.027638241,1843930.636
13.5,6,Swing,666,2.9,40.3,0.8431,0.4251,75420,495311,0.016245965,5874074.074
26.1,6,Red,80,3.7,39.7,0.858,0.6275,76620,1222356,0.239525594,593869.7318